measurement_date,time_captured,type,individual_ID,blood_sample_eye,mass_g,time_processed,hematocrit_percent,hemolyzed,notes
6/16/21,9:06,exp,201,R,9.8,11:00,43,N,
6/16/21,9:00,exp,202,R,11.2,11:00,46,N,
6/16/21,8:35,exp,203,R,12.6,11:10,42,N,
6/16/21,8:41,exp,204,R,14.7,11:20,50,N,
6/16/21,8:48,exp,205,R,12.5,11:25,31,N,
6/16/21,8:28,exp,206,R,11.2,11:30,40,N,
6/16/21,8:49,exp,207,R,13.2,15:25,33,N,
6/16/21,9:09,exp,208,R,12.4,15:32,39,N,
6/16/21,10:00,exp,209,R,10.8,15:44,33,N,
6/16/21,10:30,exp,210,R,12.7,15:53,34,N,
6/16/21,11:00,exp,211,R,11.9,16:11,33,N,
6/16/21,13:40,exp,212,R,12.8,16:21,45,N,
6/16/21,13:30,exp,213,R,10.3,16:25,42,Y,
6/16/21,12:15,exp,214,R,13,16:32,43,N,
6/16/21,12:19,exp,215,R,12.7,16:39,45,Y,
6/16/21,12:00,exp,216,R,12,16:45,48,N,
6/16/21,12:15,exp,217,R,12.6,16:53,45,Y,
6/16/21,13:30,exp,218,R,12.1,16:58,45,N,
6/16/21,13:30,exp,219,R,13.2,17:10,44,Y,
6/16/21,13:30,exp,220,R,12,17:20,47,N,
6/16/21,13:30,exp,221,R,11,17:23,31,N,
6/16/21,13:40,exp,222,R,9.4,17:29,44,N,
6/16/21,13:50,exp,223,R,13.1,17:36,48,N,
6/16/21,13:30,exp,224,R,11.6,17:40,45,N,
6/16/21,13:30,exp,225,R,10.4,17:45,36,N,
6/16/21,13:40,exp,226,R,9.1,17:52,47,N,
6/20/21,,exp,201,R,8.9,10:12,39,N,
6/20/21,,exp,202,R,10.5,10:52,42,N,
6/20/21,,exp,203,R,11.4,10:14,41,N,
6/20/21,,exp,204,R,13.8,10:47,48,Y,
6/20/21,,exp,205,R,11.3,10:36,33,N,
6/20/21,,exp,206,R,10.4,10:01,39,N,
6/20/21,,exp,207,R,12.6,10:49,32,N,
6/20/21,,exp,208,R,11.1,10:06,37,N,
6/20/21,,exp,209,R,10.3,10:38,34,N,
6/20/21,,exp,210,R,11.6,9:52,35,N,
6/20/21,,exp,211,R,10.5,9:50,31,Y,
6/20/21,,exp,212,R,11.4,10:19,42,N,did 2 times (combined plasma + centrifuged)
6/20/21,,exp,213,R,9.7,10:26,38,Y,
6/20/21,,exp,214,R,12.2,10:51,37,N,
6/20/21,,exp,215,R,12.2,10:33,43,N,
6/20/21,,exp,216,R,11,10:37,41,N,
6/20/21,,exp,217,R,12.2,10:55,42,N,
6/20/21,,exp,218,R,11.2,10:27,39,Y,
6/20/21,,exp,219,R,11.2,10:10,40,Y,
6/20/21,,exp,220,R,10.5,9:29,45,Y,
6/20/21,,exp,221,R,9.4,9:35,34,N,
6/20/21,,exp,222,R,8.6,10:41,38,N,
6/20/21,,exp,223,R,11.4,9:42,35,Y,
6/20/21,,exp,224,R,10.9,10:43,45,N,
6/20/21,,exp,225,R,9.3,9:53,30,N,
6/20/21,,exp,226,R,8.1,10:04,34,N,
6/21/21,,exp,201,,8.6,10:00,,,
6/21/21,,exp,202,,10.3,10:17,,,
6/21/21,,exp,203,,11,10:06,,,
6/21/21,,exp,204,,13.6,10:26,,,
6/21/21,,exp,205,,11.2,10:37,,,
6/21/21,,exp,206,,9.9,10:02,,,
6/21/21,,exp,207,,12.4,10:18,,,
6/21/21,,exp,208,,10.8,10:08,,,
6/21/21,,exp,209,,9.6,10:32,,,
6/21/21,,exp,210,,11.3,10:09,,,
6/21/21,,exp,211,,10,9:47,,,
6/21/21,,exp,212,,11,10:11,,,
6/21/21,,exp,213,,9.5,10:15,,,
6/21/21,,exp,214,,12,10:16,,,
6/21/21,,exp,215,,11.9,10:26,,,
6/21/21,,exp,216,,10.8,10:42,,,
6/21/21,,exp,217,,12,10:14,,,
6/21/21,,exp,218,,10.9,10:24,,,
6/21/21,,exp,219,,10.6,10:06,,,
6/21/21,,exp,220,,10.2,9:59,,,
6/21/21,,exp,221,,9.3,10:01,,,
6/21/21,,exp,222,,8.4,10:36,,,
6/21/21,,exp,223,,10.9,9:51,,,
6/21/21,,exp,224,,10.7,10:25,,,
6/21/21,,exp,225,,8.8,9:54,,,
6/21/21,,exp,226,,7.6,9:49,,,
6/22/21,,exp,201,,8.1,9:41,,,
6/22/21,,exp,202,,10.2,10:08,,,
6/22/21,,exp,203,,10.7,9:49,,,
6/22/21,,exp,204,,13.4,10:16,,,
6/22/21,,exp,205,,11,10:21,,,
6/22/21,,exp,206,,9.6,9:42,,,
6/22/21,,exp,207,,12.3,10:09,,,
6/22/21,,exp,208,,10.4,9:50,,,
6/22/21,,exp,209,,9.4,10:19,,,
6/22/21,,exp,210,,11,9:51,,,
6/22/21,,exp,211,,9.7,9:59,,,
6/22/21,,exp,212,,10.8,9:47,,,died during measurement 
6/22/21,,exp,213,,9.4,10:09,,,
6/22/21,,exp,214,,11.9,10:13,,,
6/22/21,,exp,215,,11.9,10:15,,,
6/22/21,,exp,216,,10.7,10:20,,,
6/22/21,,exp,217,,12,10:07,,,
6/22/21,,exp,218,,10.8,10:14,,,
6/22/21,,exp,219,,10.1,9:57,,,
6/22/21,,exp,220,,9.7,9:45,,,
6/22/21,,exp,221,,9,9:43,,,
6/22/21,,exp,222,,8.3,10:18,,,
6/22/21,,exp,223,,10.8,9:58,,,
6/22/21,,exp,224,,10.7,10:11,,,
6/22/21,,exp,225,,8.7,9:54,,,
6/22/21,,exp,226,,7.5,9:55,,,
6/23/21,,exp,201,,8,9:28,,,
6/23/21,,exp,202,,10,9:38,,,
6/23/21,,exp,203,,10.3,9:13,,,
6/23/21,,exp,204,,13.3,9:35,,,
6/23/21,,exp,205,,10.8,9:44,,,
6/23/21,,exp,206,,9.4,9:24,,,
6/23/21,,exp,207,,12.1,9:36,,,
6/23/21,,exp,208,,10.2,9:17,,,
6/23/21,,exp,209,,9.4,9:40,,,
6/23/21,,exp,210,,10.2,9:16,,,
6/23/21,,exp,211,,9.3,9:12,,,
6/23/21,,exp,213,,9.3,9:39,,,
6/23/21,,exp,214,,12.4,9:31,,,
6/23/21,,exp,215,,11.7,9:33,,,
6/23/21,,exp,216,,10.4,9:40,,,
6/23/21,,exp,217,,12,9:36,,,
6/23/21,,exp,218,,10.7,9:32,,,
6/23/21,,exp,219,,9.8,9:19,,,
6/23/21,,exp,220,,10.7,9:30,,,
6/23/21,,exp,221,,8.8,9:26,,,
6/23/21,,exp,222,,8.5,9:43,,,
6/23/21,,exp,223,,10.4,9:18,,,
6/23/21,,exp,224,,10.6,9:34,,,
6/23/21,,exp,225,,8.5,9:21,,,
6/23/21,,exp,226,,7.4,9:22,,,
6/24/21,,exp,201,R,7.9,9:24,36,N,
6/24/21,,exp,202,R,9.9,10:15,36,Y,
6/24/21,,exp,203,R,9.8,9:26,38,Y,
6/24/21,,exp,204,R,12.9,10:54,44,N,
6/24/21,,exp,205,R,10.3,10:17,32,N,
6/24/21,,exp,206,R,9.3,10:22,25,N,
6/24/21,,exp,207,R,12,9.48,35,N,
6/24/21,,exp,208,R,9.9,10:33,41,N,
6/24/21,,exp,209,R,9.2,10:06,28,N,
6/24/21,,exp,210,R,10.5,9:33,35,N,
6/24/21,,exp,211,R,9.1,9:30,26,N,
6/24/21,,exp,213,R,9.3,10:38,29,N,
6/24/21,,exp,214,R,11.7,9:47,29,N,
6/24/21,,exp,215,R,11.7,11:01,35,N,
6/24/21,,exp,216,R,10.2,10:46,30,Y,
6/24/21,,exp,217,R,11.8,9:52,36,Y,
6/24/21,,exp,218,R,10.7,9:38,37,Y,
6/24/21,,exp,219,R,9.3,9:07,34,Y,
6/24/21,,exp,220,R,9.4,9:14,29,N,
6/24/21,,exp,221,R,8.3,10:01,36,N,
6/24/21,,exp,222,R,8,10:42,48,Y,
6/24/21,,exp,223,R,10.2,10:57,32,Y,
6/24/21,,exp,224,R,10.5,9:18,37,N,
6/24/21,,exp,225,R,9,9:54,24,N,
6/24/21,,exp,226,R,7.6,10:24,27,Y,
6/26/21,,rehab,201,R,7.1,9:47,29,N,
6/26/21,,rehab,202,R,10,10:28,33,N,
6/26/21,,rehab,203,R,9.6,10:05,33,N,
6/26/21,,rehab,204,R,15.1,9:27,26,N,
6/26/21,,rehab,205,R,10.9,10:02,28,Y,
6/26/21,,rehab,206,R,9,9:37,21,Y,
6/26/21,,rehab,207,R,13,9:50,29,N,
6/26/21,,rehab,208,R,11,10:20,26,N,
6/26/21,,rehab,209,R,9.9,10:10,22,N,
6/26/21,,rehab,210,R,9.9,9:59,23,N,
6/26/21,,rehab,211,R,8.4,10:38,25,N,
6/26/21,,rehab,213,R,9.4,9:37,29,N,
6/26/21,,rehab,214,R,11.1,10:31,25,N,
6/26/21,,rehab,215,R,13.2,10:24,13,N,
6/26/21,,rehab,216,R,11.7,9:23,25,N,
6/26/21,,rehab,217,R,12.9,10:17,33,N,
6/26/21,,rehab,218,R,11.8,9:53,19,N,
6/26/21,,rehab,219,R,8.7,9:58,,N,died
6/26/21,,rehab,220,R,8.6,9:55,21,N,
6/26/21,,rehab,221,R,8.4,10:34,24,N,
6/26/21,,rehab,222,R,8.3,9:20,40,N,
6/26/21,,rehab,223,R,10.4,9:31,29,N,
6/26/21,,rehab,224,R,11.6,10:42,32,N,
6/26/21,,rehab,225,R,8.5,9:42,25,Y,
6/26/21,,rehab,226,R,7.4,10:13,28,N,
6/26/21,10:00,exp,227,R,13.3,11:24,46,N,
6/26/21,10:10,exp,228,R,13.2,11:30,43,N,
6/26/21,9:35,exp,229,R,12.8,11:35,32,N,
6/26/21,10:19,exp,230,R,12.1,11:40,47,N,
6/26/21,10:52,exp,231,R,13.4,11:47,41,N,
6/26/21,9:55,exp,232,R,16.1,11:50,37,N,
6/26/21,9:41,exp,233,R,10,11:56,38,N,
6/26/21,10:15,exp,234,R,11.6,12:01,40,N,
6/26/21,9:23,exp,235,R,10.4,12:05,49,N,
6/26/21,10:43,exp,236,R,12.3,12:08,47,N,
6/26/21,10:01,exp,237,R,13.3,12:11,43,N,
6/26/21,9:46,exp,238,R,9.9,12:15,35,N,
6/26/21,10:52,exp,239,R,12.4,12:19,41,N,
6/26/21,10:05,exp,240,R,11.6,12:23,31,N,
6/26/21,11:16,exp,241,R,12.3,12:27,39,N,
6/26/21,9:55,exp,242,R,11.3,12:58,36,N,
6/26/21,9:50,exp,243,R,15.8,13:04,39,N,
6/26/21,12:41,exp,244,R,9.6,13:10,31,N,
6/26/21,9:20,exp,245,R,13.5,13:13,46,N,
6/26/21,13:56,exp,246,R,11.3,11:24,43,N,
6/26/21,14:36,exp,247,R,11.6,15:15,44,N,
6/26/21,14:09,exp,248,R,10.9,15:20,43,Y,
6/26/21,14:19,exp,249,R,11.6,15:23,39,N,
6/26/21,14:45,exp,250,R,9.6,15:26,45,N,
6/26/21,9:34,exp,251,R,9.2,15:31,32,N,
6/26/21,15:36,exp,252,R,12.6,16:37,41,N,
6/26/21,15:54,exp,253,R,10,16:41,52,N,
6/26/21,13:35,exp,254,R,9.8,16:46,32,N,
6/26/21,14:00,exp,255,R,9.9,16:49,41,Y,
6/26/21,14:00,exp,256,R,13.2,16:57,40,N,
6/26/21,15:24,exp,257,R,9.3,17:01,45,Y,
6/26/21,15:10,exp,258,R,11.3,17:06,33,N,
6/30/21,,exp,227,R,12.7,9:26,44,N,
6/30/21,,exp,228,R,11.8,9:26,47,Y,
6/30/21,,exp,229,R,11.7,9:37,27,N,
6/30/21,,exp,230,R,11.2,9:38,41,N,
6/30/21,,exp,231,R,12.5,9:44,28,N,
6/30/21,,exp,232,R,13.5,9:45,27,N,
6/30/21,,exp,233,R,8.3,9:51,43,N,
6/30/21,,exp,234,R,10.9,9:52,38,N,
6/30/21,,exp,235,R,9.7,9:59,46,N,
6/30/21,,exp,236,R,11.2,10:00,33,N,
6/30/21,,exp,237,R,12.5,10:07,36,N,
6/30/21,,exp,238,R,9.1,10:09,35,N,
6/30/21,,exp,239,R,11.5,10:15,34,N,
6/30/21,,exp,240,R,10.4,10:15,26,N,
6/30/21,,exp,241,R,10.8,10:21,35,N,
6/30/21,,exp,242,R,10.1,10:23,31,N,
6/30/21,,exp,243,R,14.6,10:24,35,N,
6/30/21,,exp,244,R,8.7,10:28,29,N,
6/30/21,,exp,245,R,13,10:35,36,Y,
6/30/21,,exp,246,R,9.6,10:37,34,Y,
6/30/21,,exp,247,R,10.1,10:50,32,N,
6/30/21,,exp,249,R,10.7,10:56,33,N,
6/30/21,,exp,250,R,8.2,10:59,36,N,
6/30/21,,exp,251,R,8.5,11:05,29,N,
6/30/21,,exp,252,R,11.9,11:11,35,N,
6/30/21,,exp,253,R,9.3,11:12,47,Y,
6/30/21,,exp,255,R,8.5,11:13,,,
6/30/21,,exp,256,R,12.5,11:23,38,N,
6/30/21,,exp,257,R,8.5,11:26,47,Y,
6/30/21,,exp,258,R,10.8,11:27,38,N,
7/1/21,,exp,227,,12.5,9:13,,,
7/1/21,,exp,228,,11.4,10:04,,,
7/1/21,,exp,229,,11.3,10:05,,,
7/1/21,,exp,230,,11.1,9:20,,,
7/1/21,,exp,231,,12.2,9:19,,,
7/1/21,,exp,232,,13.3,10:05,,,
7/1/21,,exp,233,,7.8,9:33,,,
7/1/21,,exp,234,,10.8,9:21,,,
7/1/21,,exp,235,,9.6,9:11,,,
7/1/21,,exp,236,,10.6,9:32,,,
7/1/21,,exp,237,,12,10:02,,,
7/1/21,,exp,238,,8.9,9:01,,,
7/1/21,,exp,239,,11.5,9:15,,,
7/1/21,,exp,240,,9.9,9:25,,,
7/1/21,,exp,241,,10.5,9:28,,,
7/1/21,,exp,242,,10.8,9:30,,,
7/1/21,,exp,243,,14.3,10:00,,,
7/1/21,,exp,244,,8.4,9:31,,,
7/1/21,,exp,245,,12.6,9:01,,,
7/1/21,,exp,246,,9.3,9:29,,,
7/1/21,,exp,247,,9.7,9:35,,,
7/1/21,,exp,249,,10.5,9:18,,,
7/1/21,,exp,250,,8.1,10:05,,,
7/1/21,,exp,251,,8.7,9:14,,,
7/1/21,,exp,252,,11.6,9:05,,,
7/1/21,,exp,253,,8.8,9:06,,,
7/1/21,,exp,255,,8.2,10:00,,,
7/1/21,,exp,256,,12.3,9:08,,,
7/1/21,,exp,257,,8.3,9:05,,,
7/1/21,,exp,258,,10.4,9:02,,,
7/2/21,,exp,227,,12.5,9:39,,,
7/2/21,,exp,228,,11.2,9:23,,,
7/2/21,,exp,229,,11.2,9:27,,,
7/2/21,,exp,230,,11,9:41,,,
7/2/21,,exp,231,,11.7,9:41,,,
7/2/21,,exp,232,,13,9:24,,,
7/2/21,,exp,233,,7.3,9:14,,,
7/2/21,,exp,234,,10.7,9:41,,,
7/2/21,,exp,235,,9.5,9:38,,,
7/2/21,,exp,236,,10.7,9:12,,,
7/2/21,,exp,237,,11.2,9:24,,,
7/2/21,,exp,238,,8.6,9:45,,,
7/2/21,,exp,239,,11.4,9:37,,,
7/2/21,,exp,240,,8.1,9:29,,,
7/2/21,,exp,241,,10.2,9:30,,,
7/2/21,,exp,242,,9.8,9:29,,,
7/2/21,,exp,243,,13.9,9:19,,,
7/2/21,,exp,244,,8.1,9:10,,,
7/2/21,,exp,245,,12.6,9:45,,,
7/2/21,,exp,246,,9,9:29,,,
7/2/21,,exp,247,,9.4,9:15,,,
7/2/21,,exp,249,,10.4,9:40,,,
7/2/21,,exp,250,,8,9:25,,,
7/2/21,,exp,251,,8.6,9:36,,,
7/2/21,,exp,252,,11.6,9:34,,,
7/2/21,,exp,253,,8.8,9:34,,,
7/2/21,,exp,255,,8,9:20,,,
7/2/21,,exp,256,,12,9:32,,,
7/2/21,,exp,257,,7.9,9:35,,,
7/2/21,,exp,258,,10.6,9:43,,,
7/3/21,,exp,227,,12.4,10:22,,,
7/3/21,,exp,228,,10.8,10:47,,,
7/3/21,,exp,229,,10.9,10:49,,,
7/3/21,,exp,230,,10.9,10:27,,,
7/3/21,,exp,231,,12,10:25,,,
7/3/21,,exp,232,,12.3,10:47,,,
7/3/21,,exp,234,,10.6,10:26,,,
7/3/21,,exp,235,,9.3,10:23,,,
7/3/21,,exp,236,,10.4,10:39,,,
7/3/21,,exp,237,,11.7,10:45,,,
7/3/21,,exp,238,,8.7,10:09,,,
7/3/21,,exp,239,,11.4,10:19,,,
7/3/21,,exp,240,,9.1,10:32,,,
7/3/21,,exp,241,,10,10:35,,,
7/3/21,,exp,242,,9.5,10:36,,,
7/3/21,,exp,243,,13.6,10:42,,,
7/3/21,,exp,244,,7.9,10:37,,,
7/3/21,,exp,245,,12.3,10:10,,,
7/3/21,,exp,246,,8.6,10:36,,,
7/3/21,,exp,247,,9.1,10:44,,,
7/3/21,,exp,249,,10.3,10:24,,,
7/3/21,,exp,250,,7.6,,,,
7/3/21,,exp,251,,8.6,10:20,,,
7/3/21,,exp,252,,11.5,10:12,,,
7/3/21,,exp,253,,8.6,10:14,,,
7/3/21,,exp,255,,7.9,10:43,,,
7/3/21,,exp,256,,11.4,10:16,,,
7/3/21,,exp,257,,7.8,10:13,,,
7/3/21,,exp,258,,10.5,10:11,,,
7/4/21,,exp,227,R,12.3,10:03,33,N,
7/4/21,,exp,228,R,10.5,11:01,29,N,
7/4/21,,exp,229,R,10.7,10:08,18,N,
7/4/21,,exp,230,R,10.6,11:09,40,N,
7/4/21,,exp,231,R,11.9,10:39,31,N,
7/4/21,,exp,232,R,11.9,10:26,23,N,
7/4/21,,exp,234,R,10.4,9:48,31,N,
7/4/21,,exp,235,R,9.3,10:51,30,Y,
7/4/21,,exp,236,R,10.3,10:58,26,N,
7/4/21,,exp,237,R,11.6,11:12,25,N,
7/4/21,,exp,238,R,8.1,11:14,25,N,
7/4/21,,exp,239,R,11.2,10:11,28,N,
7/4/21,,exp,240,R,8.8,10:48,,N,forgot to measure hct %
7/4/21,,exp,241,R,9.8,9:54,,N,forgot to measure hct %
7/4/21,,exp,242,R,9.4,9:51,24,N,
7/4/21,,exp,243,R,13.4,11:17,26,N,
7/4/21,,exp,244,L,7.7,10:44,21,N,
7/4/21,,exp,245,R,12.4,9:40,33,Y,
7/4/21,,exp,246,R,8.3,11:07,27,N,
7/4/21,,exp,247,R,8.9,10:14,27,N,
7/4/21,,exp,249,R,10.3,10:42,26,N,
7/4/21,,exp,250,R,7.4,10:05,29,N,
7/4/21,,exp,251,R,8.5,9:35,23,N,
7/4/21,,exp,252,R,11.4,9:44,32,N,
7/4/21,,exp,253,R,8.6,10:17,39,N,
7/4/21,,exp,255,R,7.7,10:20,,Y,forgot hct
7/4/21,,exp,256,R,11.3,10:30,33,N,
7/4/21,,exp,257,R,7.8,10:33,48,N,
7/4/21,,exp,258,R,10.4,9:24,31,N,
7/6/21,,rehab,227,R,11.6,9:55,35,N,
7/6/21,,rehab,228,R,10.5,9:25,34,N,
7/6/21,,rehab,229,R,10.7,10:30,22,N,shedding a lot
7/6/21,,rehab,230,R,10.8,9:51,42,N,
7/6/21,,rehab,231,R,13.9,10:02,27,N,
7/6/21,,rehab,232,R,12.2,9:36,25,N,
7/6/21,,rehab,234,R,10.8,9:39,26,N,
7/6/21,,rehab,235,R,10.1,9:54,30,N,
7/6/21,,rehab,236,R,11.7,9:45,30,N,
7/6/21,,rehab,237,R,12.8,9:33,31,N,
7/6/21,,rehab,238,R,9.8,9:59,27,N,
7/6/21,,rehab,239,R,11.8,9:28,32,Y,
7/6/21,,rehab,240,R,8,9:44,19,Y,
7/6/21,,rehab,241,R,10,9:49,29,N,
7/6/21,,rehab,242,R,9.3,10:13,25,N,
7/6/21,,rehab,243,R,13.9,10:12,34,N,
7/6/21,,rehab,244,R,7.1,9:30,22,N,
7/6/21,,rehab,245,R,13.2,10:16,33,N,
7/6/21,,rehab,246,R,8,10:04,28,Y,
7/6/21,,rehab,247,R,9.4,10:01,27,N,
7/6/21,,rehab,249,R,11,9:45,26,N,
7/6/21,,rehab,250,R,7.9,10:36,32,N,shedding a lot
7/6/21,,rehab,251,R,9.7,9:37,34,N,
7/6/21,,rehab,252,R,12.9,9:56,30,Y,
7/6/21,,rehab,253,R,7.7,10:38,47,N,shedding a lot +regrowing tail
7/6/21,,rehab,255,R,7.3,10:28,39,N,
7/6/21,,rehab,256,R,13,10:25,33,N,shedding a LOT
7/6/21,,rehab,257,R,7.3,10:20,42,N,
7/6/21,,rehab,258,R,10.6,10:20,28,N,
7/20/21,10:00,exp,259,R,9,11:14,40,N,
7/20/21,9:58,exp,260,R,11.1,11:20,35,N,
7/20/21,9:42,exp,261,R,12.1,11:23,38,N,
7/20/21,10:06,exp,262,R,16.2,11:27,40,N,
7/20/21,11:00,exp,263,R,17.4,11:31,45,N,
7/20/21,9:40,exp,264,R,11,11:36,32,N,
7/20/21,10:28,exp,265,R,12.7,11:39,35,N,
7/20/21,,exp,266,R,10.3,11:43,44,N,
7/20/21,11:15,exp,267,R,10.3,11:48,38,N,
7/20/21,,exp,268,R,12,11:54,42,N,
7/20/21,10:30,exp,269,R,10.8,11:56,32,N,
7/20/21,11:33,exp,270,R,14.6,11:58,33,N,
7/20/21,10:29,exp,271,R,9.7,12:02,40,N,
7/20/21,9:57,exp,272,R,9.5,12:05,33,N,
7/20/21,11:00,exp,273,R,10.9,12:11,29,N,
7/20/21,11:10,exp,274,R,13.6,12:14,37,N,
7/20/21,11:00,exp,275,R,10.8,12:17,44,N,
7/20/21,11:03,exp,276,R,10.5,12:20,43,N,
7/20/21,9:55,exp,277,R,9.2,12:25,27,N,
7/20/21,9:54,exp,278,R,13,12:30,47,N,
7/20/21,10:31,exp,279,R,14.1,12:34,43,N,
7/20/21,10:10,exp,280,R,10.1,12:37,48,N,
7/20/21,10:45,exp,281,R,13.4,12:44,36,N,
7/20/21,11:20,exp,282,R,10.3,12:47,45,N,
7/20/21,10:17,exp,283,R,11.3,13:41,31,N,
7/20/21,10:50,exp,284,R,11.3,13:44,39,N,
7/20/21,10:05,exp,285,R,11.1,13:46,35,N,
7/20/21,10:12,exp,286,R,10.9,13:51,35,N,
7/20/21,10:38,exp,287,R,13.8,13:54,40,N,
7/20/21,11:00,exp,288,R,12.7,13:57,46,N,
7/20/21,9:40,exp,289,R,10.8,14:02,32,N,
7/20/21,11:49,exp,290,R,12.2,14:13,41,N,
7/20/21,9:43,exp,291,R,10.9,14:18,28,N,
7/20/21,9:50,exp,292,R,8.8,14:23,36,N,
7/20/21,10:09,exp,293,R,8.9,14:27,31,N,
7/24/21,,exp,259,R,8.6,10:29,38,N,
7/24/21,,exp,260,R,10.8,10:25,38,N,
7/24/21,,exp,261,R,11.4,10:32,31,N,
7/24/21,,exp,262,R,14.9,11:20,32,N,tail broke off on wire
7/24/21,,exp,263,R,14.1,10:58,35,N,shed a lot (whole body)
7/24/21,,exp,264,R,10.4,10:40,29,N,
7/24/21,,exp,265,R,10.8,10:16,28,N,
7/24/21,,exp,266,R,9.5,10:35,37,N,
7/24/21,,exp,267,R,9.6,11:39,26,N,
7/24/21,,exp,268,R,11.1,11:29,33,N,
7/24/21,,exp,269,R,9.8,11:03,28,N,
7/24/21,,exp,270,R,13.7,11:44,28,N,
7/24/21,,exp,271,R,9,10:06,39,N,
7/24/21,,exp,272,R,8.1,11:37,37,N,
7/24/21,,exp,273,R,10.2,10:46,22,N,
7/24/21,,exp,274,R,11.9,10:11,36,N,
7/24/21,,exp,275,R,9.8,10:55,34,N,
7/24/21,,exp,276,R,9.1,10:22,33,N,
7/24/21,,exp,277,R,8.5,11:15,26,N,
7/24/21,,exp,278,R,12.2,11:22,33,N,
7/24/21,,exp,279,R,13.6,11:32,35,N,
7/24/21,,exp,280,R,8.8,11:46,32,N,
7/24/21,,exp,281,R,12.6,10:08,30,N,
7/24/21,,exp,282,R,9.8,10:14,39,N,
7/24/21,,exp,283,R,8.5,11:01,32,N,
7/24/21,,exp,285,R,9.8,11:42,25,N,
7/24/21,,exp,286,R,10.4,11:35,31,N,
7/24/21,,exp,287,R,12,10:18,41,N,
7/24/21,,exp,288,R,11.4,11:13,42,N,
7/24/21,,exp,289,R,10.5,10:20,33,N,
7/24/21,,exp,290,R,11.7,11:11,38,N,
7/24/21,,exp,291,R,9.4,10:27,24,N,
7/24/21,,exp,292,R,8.3,10:37,31,N,
7/24/21,,exp,293,R,8.6,11:25,26,N,
7/25/21,,exp,259,,8.5,9:49,,,
7/25/21,,exp,260,,10.7,9:44,,,
7/25/21,,exp,261,,11.2,10:00,,,
7/25/21,,exp,262,,14.7,10:05,,,
7/25/21,,exp,263,,13.8,10:29,,,
7/25/21,,exp,264,,10.1,9:49,,,
7/25/21,,exp,265,,10.3,10:09,,,
7/25/21,,exp,266,,9.2,9:56,,,
7/25/21,,exp,267,,9.4,10:33,,,
7/25/21,,exp,268,,10.8,10:32,,,
7/25/21,,exp,269,,9.4,10:36,,,
7/25/21,,exp,270,,13.5,10:33,,,
7/25/21,,exp,271,,8.8,9:46,,,
7/25/21,,exp,272,,7.9,9:57,,,
7/25/21,,exp,273,,10.1,9:50,,,
7/25/21,,exp,274,,11.5,10:10,,,
7/25/21,,exp,275,,9.6,9:33,,,
7/25/21,,exp,276,,8.9,9:51,,,
7/25/21,,exp,277,,8.3,10:27,,,
7/25/21,,exp,278,,12.1,10:31,,,
7/25/21,,exp,279,,13.3,9:36,,,
7/25/21,,exp,280,,8.4,9:25,,,
7/25/21,,exp,281,,12.5,9:59,,,
7/25/21,,exp,282,,9.7,9:47,,,
7/25/21,,exp,283,,7.9,9:30,,,
7/25/21,,exp,285,,9.5,9:27,,,
7/25/21,,exp,286,,10.1,9:34,,,
7/25/21,,exp,287,,11.6,9:58,,,
7/25/21,,exp,288,,11.2,9:28,,,
7/25/21,,exp,289,,10.4,10:06,,,
7/25/21,,exp,290,,11.6,9:39,,,
7/25/21,,exp,291,,9,9:42,,,
7/25/21,,exp,292,,8.2,10:09,,,
7/25/21,,exp,293,,8.5,10:34,,,
7/26/21,,exp,259,,8.4,13:16,,,
7/26/21,,exp,260,,10.7,13:10,,,
7/26/21,,exp,261,,11.1,13:34,,,
7/26/21,,exp,262,,14.6,13:38,,,
7/26/21,,exp,263,,13.5,12:46,,,
7/26/21,,exp,264,,10.1,13:13,,,
7/26/21,,exp,265,,10,13:40,,,
7/26/21,,exp,266,,9,13:14,,,
7/26/21,,exp,267,,9.4,12:47,,,
7/26/21,,exp,268,,10.7,12:45,,,
7/26/21,,exp,269,,9.3,12:53,,,
7/26/21,,exp,270,,13.4,12:48,,,
7/26/21,,exp,271,,8.6,13:28,,,
7/26/21,,exp,272,,7.3,13:18,,,
7/26/21,,exp,273,,9.9,13:24,,,
7/26/21,,exp,274,,11.1,13:36,,,
7/26/21,,exp,275,,9.5,13:03,,,
7/26/21,,exp,276,,8.4,13:27,,,
7/26/21,,exp,277,,8.1,12:50,,,
7/26/21,,exp,278,,12,12:52,,,
7/26/21,,exp,279,,13.4,13:02,,,
7/26/21,,exp,280,,8.2,13:06,,,
7/26/21,,exp,281,,12.4,13:41,,,
7/26/21,,exp,282,,9.7,13:11,,,
7/26/21,,exp,283,,7.5,12:57,,,Died during measurement
7/26/21,,exp,285,,9.1,13:04,,,
7/26/21,,exp,286,,10.1,13:01,,,
7/26/21,,exp,287,,11,13:45,,,rubbed off shed before mass
7/26/21,,exp,288,,10.9,12:59,,,
7/26/21,,exp,289,,10.4,13:39,,,
7/26/21,,exp,290,,11.6,13:05,,,
7/26/21,,exp,291,,8.3,13:24,,,rubbed off shed before mass
7/26/21,,exp,292,,8.1,13:48,,,
7/26/21,,exp,293,,8.4,12:49,,,
7/27/21,,exp,259,,8.3,9:40,,,
7/27/21,,exp,260,,10.6,9:17,,,
7/27/21,,exp,261,,11.3,9:25,,,
7/27/21,,exp,262,,14.3,10:01,,,
7/27/21,,exp,263,,13.3,10:19,,,
7/27/21,,exp,264,,9.8,9:52,,,
7/27/21,,exp,265,,9.8,10:10,,,
7/27/21,,exp,266,,8.9,9:57,,,
7/27/21,,exp,267,,9.3,9:46,,,
7/27/21,,exp,268,,10.6,10:18,,,
7/27/21,,exp,269,,9.2,9:59,,,
7/27/21,,exp,270,,13.3,9:48,,,
7/27/21,,exp,271,,8.4,9:53,,,
7/27/21,,exp,272,,7.1,10:09,,,
7/27/21,,exp,273,,9.8,9:41,,,
7/27/21,,exp,274,,11,9:55,,,
7/27/21,,exp,275,,9.4,9:47,,,
7/27/21,,exp,276,,8.3,10:17,,,
7/27/21,,exp,277,,8,10:03,,,
7/27/21,,exp,278,,11.9,9:27,,,
7/27/21,,exp,279,,13.2,9:30,,,
7/27/21,,exp,280,,8.1,10:16,,,
7/27/21,,exp,281,,12.4,9:39,,,
7/27/21,,exp,282,,9.6,9:19,,,
7/27/21,,exp,285,,8.9,10:18,,,
7/27/21,,exp,286,,10,9:32,,,
7/27/21,,exp,287,,10.8,10:13,,,
7/27/21,,exp,288,,10.8,10:05,,,
7/27/21,,exp,289,,10.3,9:20,,,
7/27/21,,exp,290,,11.4,9:47,,,
7/27/21,,exp,291,,8.2,10:09,,,
7/27/21,,exp,292,,8,9:38,,,
7/27/21,,exp,293,,8.4,9:34,,,
7/28/21,,exp,259,R,8.3,9:57,33,Y,
7/28/21,,exp,260,R,10.6,10:02,23,N,
7/28/21,,exp,261,R,10.9,9:54,29,Y,
7/28/21,,exp,262,R,14.2,9:40,26,N,
7/28/21,,exp,263,R,13.2,9:47,31,N,
7/28/21,,exp,264,R,9.7,9:20,26,N,
7/28/21,,exp,265,R,9.5,9:29,22,N,
7/28/21,,exp,266,R,8.6,9:27,31,N,
7/28/21,,exp,267,R,9.3,9:14,27,N,
7/28/21,,exp,268,R,10.5,9;47,29,N,
7/28/21,,exp,269,R,9.1,9:49,16,N,
7/28/21,,exp,270,R,13.1,9:39,25,N,
7/28/21,,exp,271,R,8.4,9:36,29,N,
7/28/21,,exp,272,R,7,9:18,30,N,
7/28/21,,exp,273,R,9.8,9:48,26,Y,
7/28/21,,exp,274,R,10.6,9:10,35,Y,
7/28/21,,exp,275,R,9.4,9:42,38,Y,
7/28/21,,exp,276,R,8,9:34,32,Y,
7/28/21,,exp,277,R,7.7,9:58,27,N,
7/28/21,,exp,278,R,11.9,9:59,38,N,
7/28/21,,exp,279,R,13.1,10:04,34,N,
7/28/21,,exp,280,R,8,9:43,33,N,
7/28/21,,exp,281,R,12.4,9:44,26,N,
7/28/21,,exp,282,R,9.6,10:02,28,Y,
7/28/21,,exp,285,R,8.2,10:07,29,N,shedding
7/28/21,,exp,286,L,10,9:22,37,N,
7/28/21,,exp,287,R,10.6,9:26,37,N,
7/28/21,,exp,288,R,10.7,9:56,36,N,
7/28/21,,exp,289,R,10.3,9:50,32,N,
7/28/21,,exp,290,R,11.4,9:53,35,N,
7/28/21,,exp,291,R,7.9,9:16,25,N,
7/28/21,,exp,292,R,8.1,9:53,30,N,
7/28/21,,exp,293,R,8.4,9:32,27,N,
7/30/21,,rehab,259,R,7.3,9:36,39,N,
7/30/21,,rehab,260,R,10.7,10:18,27,N,
7/30/21,,rehab,261,R,12.4,10:01,23,N,
7/30/21,,rehab,262,R,13.8,9:57,25,N,
7/30/21,,rehab,263,R,14.7,9:30,30,N,
7/30/21,,rehab,264,R,11.4,9:29,25,N,
7/30/21,,rehab,265,R,9.9,9:53,23,N,
7/30/21,,rehab,266,R,8.4,9:23,27,N,
7/30/21,,rehab,267,R,9.8,9:13,24,N,
7/30/21,,rehab,268,R,11,10:15,30,N,
7/30/21,,rehab,269,R,8.8,10:02,21,Y,
7/30/21,,rehab,270,R,14.4,9:58,21,N,
7/30/21,,rehab,271,R,8.7,9:24,28,Y,
7/30/21,,rehab,272,R,8.8,9:44,25,N,
7/30/21,,rehab,273,R,10.5,9:40,25,N,
7/30/21,,rehab,274,R,10.6,9:35,39,Y,
7/30/21,,rehab,275,R,8.9,9:21,40,N,
7/30/21,,rehab,276,R,8.6,10:05,31,N,
7/30/21,,rehab,277,R,7.8,9:19,24,N,
7/30/21,,rehab,278,R,13.4,9:16,31,Y,
7/30/21,,rehab,279,R,13.3,10:16,35,N,
7/30/21,,rehab,280,R,8.1,9:20,33,N,
7/30/21,,rehab,281,R,12.4,9:41,26,N,
7/30/21,,rehab,282,R,11.2,10:03,23,Y,
7/30/21,,rehab,285,R,9.3,9:49,20,N,
7/30/21,,rehab,286,R,9.6,9:49,18,Y,
7/30/21,,rehab,287,R,10.2,10:10,37,Y,
7/30/21,,rehab,288,R,11.1,10:10,37,N,lost tail before mass
7/30/21,,rehab,289,R,9.8,9:35,28,N,
7/30/21,,rehab,290,R,13.2,9:48,28,N,
7/30/21,,rehab,291,R,9,10:11,24,N,
7/30/21,,rehab,292,R,9.7,9:45,26,N,
7/30/21,,rehab,293,R,8.7,9:52,21,N,
8/8/21,,exp,294,R,11.8,11:59,33,N,
8/8/21,,exp,295,R,11.2,12:02,41,N,
8/8/21,,exp,296,R,10.5,12:05,38,N,
8/8/21,9:30,exp,297,R,12.5,12:07,38,N,
8/8/21,,exp,298,R,14.3,12:13,44,N,
8/8/21,10:02,exp,299,R,13.9,12:14,32,N,
8/8/21,,exp,300,R,12.9,12:20,36,N,
8/8/21,9:55,exp,301,R,12,12:20,32,N,
8/8/21,10:56,exp,302,R,9.7,12:26,38,N,
8/8/21,10:14,exp,303,R,9.6,12:24,41,N,
8/8/21,10:15,exp,304,R,11.4,12:28,35,N,
8/8/21,11:21,exp,305,R,11.8,12:30,36,Y,
8/8/21,9:15,exp,306,R,11.3,12:38,39,Y,
8/8/21,10:05,exp,307,R,11.7,12:42,38,N,
8/8/21,11:15,exp,308,R,11.4,12:48,38,N,
8/8/21,,exp,309,R,13.3,12:51,38,N,
8/8/21,11:05,exp,310,R,11.1,12:55,35,N,
8/8/21,9:25,exp,311,R,12.4,12:58,43,N,
8/8/21,10:10,exp,312,R,10.2,13:01,36,N,
8/8/21,10:17,exp,313,R,10.4,13:04,39,N,
8/8/21,10:42,exp,314,R,11,13:07,33,N,
8/8/21,10:12,exp,315,R,11,13:10,35,N,
8/8/21,,exp,316,R,10.9,13:13,37,N,
8/8/21,13:28,exp,317,R,11.8,13:35,40,N,
8/8/21,,exp,318,R,9.7,13:46,34,N,
8/8/21,,exp,319,R,12.2,13:53,33,N,
8/8/21,10:28,exp,320,R,10.6,13:56,33,N,
8/8/21,10:25,exp,321,R,11.3,14:00,34,N,
8/12/21,,exp,294,R,10.6,10:42,24,N,
8/12/21,,exp,295,R,10.8,9:50,22,N,
8/12/21,,exp,296,R,9.6,10:32,29,N,
8/12/21,,exp,297,R,12,9:34,35,Y,
8/12/21,,exp,298,R,14,9:51,35,N,
8/12/21,,exp,299,R,13.7,9:24,45,Y,
8/12/21,,exp,300,R,11.8,10:24,30,N,
8/12/21,,exp,301,R,10.6,10:17,28,N,shed a lot
8/12/21,,exp,302,R,8.7,10:45,26,N,
8/12/21,,exp,303,R,8.8,10:36,27,N,shed a little
8/12/21,,exp,304,R,10.8,10:01,33,N,
8/12/21,,exp,305,R,11.2,9:45,28,N,
8/12/21,,exp,306,R,10.1,10:11,39,N,
8/12/21,,exp,307,R,11,10:49,35,N,
8/12/21,,exp,308,R,11.3,9:59,32,N,
8/12/21,,exp,309,R,12.4,10:09,37,N,
8/12/21,,exp,310,R,10.7,10:04,33,N,
8/12/21,,exp,311,R,11.8,9:41,36,N,
8/12/21,,exp,312,R,9.7,9:26,39,Y,
8/12/21,,exp,313,R,9.4,10:27,36,N,
8/12/21,,exp,314,R,10.3,10:51,28,N,
8/12/21,,exp,315,R,10.2,10:23,32,N,
8/12/21,,exp,316,R,10.4,9:25,37,Y,
8/12/21,,exp,317,R,11.3,9:46,31,N,
8/12/21,,exp,318,R,9,11:12,28,N,
8/12/21,,exp,319,R,11.4,10:36,26,N,shed a lot
8/12/21,,exp,320,R,10.1,9:56,31,N,
8/12/21,,exp,321,R,10.4,10:28,30,N,shed a lot
8/13/21,,exp,294,,10.5,10:20,,,
8/13/21,,exp,295,,10.5,9:59,,,
8/13/21,,exp,296,,9.4,10:17,,,
8/13/21,,exp,297,,11.9,10:12,,,
8/13/21,,exp,298,,13.8,10:00,,,
8/13/21,,exp,299,,13.6,10:04,,,
8/13/21,,exp,300,,11.5,10:25,,,
8/13/21,,exp,301,,10.1,10:24,,,
8/13/21,,exp,302,,8.5,10:19,,,
8/13/21,,exp,303,,8.4,10:17,,,
8/13/21,,exp,304,,10.4,10:02,,,
8/13/21,,exp,305,,11.1,10:11,,,
8/13/21,,exp,306,,9.9,10:23,,,
8/13/21,,exp,307,,10.8,10:19,,,
8/13/21,,exp,308,,10.9,10:01,,,
8/13/21,,exp,309,,12,10:21,,,
8/13/21,,exp,310,,10.3,10:02,,,
8/13/21,,exp,311,,11.6,10:05,,,
8/13/21,,exp,312,,9.7,10:03,,,
8/13/21,,exp,313,,9.1,10:27,,,
8/13/21,,exp,314,,10.1,10:18,,,
8/13/21,,exp,315,,9.9,10:25,,,
8/13/21,,exp,316,,10.3,10:03,,,
8/13/21,,exp,317,,11,9:59,,,
8/13/21,,exp,318,,8.8,10:04,,,
8/13/21,,exp,319,,10.8,10:20,,,
8/13/21,,exp,320,,9.8,10:01,,,
8/13/21,,exp,321,,9.9,10:26,,,
8/14/21,,exp,294,,10.2,11:55,,,
8/14/21,,exp,295,,10.4,11:24,,,
8/14/21,,exp,296,,9.2,11:49,,,
8/14/21,,exp,297,,11.9,11:41,,,
8/14/21,,exp,298,,13.4,11:23,,,
8/14/21,,exp,299,,13.6,11:38,,,
8/14/21,,exp,300,,11.4,12:10,,,
8/14/21,,exp,301,,10,12:01,,,
8/14/21,,exp,302,,8.3,11:57,,,
8/14/21,,exp,303,,8.4,11:50,,,
8/14/21,,exp,304,,10.6,11:28,,,
8/14/21,,exp,305,,10.9,11:42,,,
8/14/21,,exp,306,,9.7,12:02,,,
8/14/21,,exp,307,,10.7,11:58,,,
8/14/21,,exp,308,,11.1,11:30,,,
8/14/21,,exp,309,,11.8,12:04,,,
8/14/21,,exp,310,,10.6,11:32,,,
8/14/21,,exp,311,,11.5,11:43,,,
8/14/21,,exp,312,,9.8,11:37,,,
8/14/21,,exp,313,,9,12:11,,,
8/14/21,,exp,314,,9.9,11:52,,,
8/14/21,,exp,315,,9.8,12:08,,,
8/14/21,,exp,316,,10.2,11:36,,,
8/14/21,,exp,317,,11,11:22,,,
8/14/21,,exp,318,,8.5,11:38,,,
8/14/21,,exp,319,,10.7,11:55,,,
8/14/21,,exp,320,,9.9,11:29,,,
8/14/21,,exp,321,,9.8,12:08,,,
8/15/21,,exp,294,,10.1,14:18,,,
8/15/21,,exp,295,,10.4,13:53,,,
8/15/21,,exp,296,,9.1,14:13,,,
8/15/21,,exp,297,,11.7,13:48,,,
8/15/21,,exp,298,,13.4,13:54,,,
8/15/21,,exp,299,,13.3,13:43,,,
8/15/21,,exp,300,,11.2,14:08,,,
8/15/21,,exp,301,,9.9,14:02,,,
8/15/21,,exp,302,,8.1,14:19,,,
8/15/21,,exp,303,,8.2,14:12,,,
8/15/21,,exp,304,,10.6,13:58,,,
8/15/21,,exp,305,,10.9,13:49,,,
8/15/21,,exp,306,,9.5,14:04,,,
8/15/21,,exp,307,,10.6,14:20,,,
8/15/21,,exp,308,,11.1,13:57,,,
8/15/21,,exp,309,,11.6,14:05,,,
8/15/21,,exp,310,,10.6,13:57,,,
8/15/21,,exp,311,,11.4,13:49,,,
8/15/21,,exp,312,,9.7,13:41,,,
8/15/21,,exp,313,,8.8,14:10,,,
8/15/21,,exp,314,,9.7,14:14,,,
8/15/21,,exp,315,,9.7,14:09,,,
8/15/21,,exp,316,,10.1,13:45,,,
8/15/21,,exp,317,,11,13:52,,,
8/15/21,,exp,318,,8.4,13:42,,,
8/15/21,,exp,319,,10.6,14:17,,,
8/15/21,,exp,320,,9.9,13:59,,,
8/15/21,,exp,321,,9.8,14:07,,,
8/16/21,,exp,294,R,9.9,9:30,19,N,
8/16/21,,exp,295,R,10.4,9:42,24,N,
8/16/21,,exp,296,R,9.1,9:36,22,N,
8/16/21,,exp,297,R,11.7,8:51,32,N,
8/16/21,,exp,298,R,13.4,9:56,25,N,
8/16/21,,exp,299,R,13.2,9:38,33,N,
8/16/21,,exp,300,R,11.1,9:14,26,N,
8/16/21,,exp,301,R,9.7,9:39,21,N,
8/16/21,,exp,302,R,8,9:49,23,N,
8/16/21,,exp,303,R,8.2,9:34,23,N,
8/16/21,,exp,304,R,10.6,9:44,28,N,"already toe clipped, taking out of study"
8/16/21,,exp,305,R,10.8,9:25,13,N,
8/16/21,,exp,306,R,9.5,9:42,25,N,
8/16/21,,exp,307,R,10.6,9:52,25,N,
8/16/21,,exp,308,R,11.1,9:22,24,N,
8/16/21,,exp,309,R,11.5,9:45,26,Y,
8/16/21,,exp,310,R,10.5,9:30,25,N,
8/16/21,,exp,311,L,11.3,8:57,14,N,
8/16/21,,exp,312,R,9.7,9:55,33,N,
8/16/21,,exp,313,R,8.7,8:54,26,N,
8/16/21,,exp,314,R,9.6,9:21,24,N,
8/16/21,,exp,315,R,9.6,8:46,24,N,
8/16/21,,exp,316,R,10.2,9:34,32,Y,
8/16/21,,exp,317,R,11,9:19,23,N,
8/16/21,,exp,318,R,8.3,9:47,22,Y,
8/16/21,,exp,319,R,10.5,9:25,18,N,
8/16/21,,exp,320,R,9.9,9:57,21,Y,
8/16/21,,exp,321,R,9.7,9:00,24,N,
8/18/21,,rehab,294,R,10.7,10:14,15,N,
8/18/21,,rehab,295,R,9.8,9:30,25,N,
8/18/21,,rehab,296,R,9.2,9:20,23,Y,
8/18/21,,rehab,297,R,12.8,9:25,23,N,
8/18/21,,rehab,298,R,13.1,9:53,24,N,
8/18/21,,rehab,299,R,13.5,9:43,31,N,
8/18/21,,rehab,300,R,11,9:21,24,N,
8/18/21,,rehab,301,R,9.4,10:04,20,N,
8/18/21,,rehab,302,R,8.1,9:25,18,Y,
8/18/21,,rehab,303,R,8.8,9:32,19,Y,
8/18/21,,rehab,305,R,12.7,10:05,20,N,
8/18/21,,rehab,306,R,9.8,9:44,25,N,
8/18/21,,rehab,307,R,11.1,9:16,24,N,
8/18/21,,rehab,308,R,11.3,9:56,20,N,
8/18/21,,rehab,309,R,12.3,10:37,30,N,
8/18/21,,rehab,310,R,12.5,9:48,23,N,
8/18/21,,rehab,311,R,12.4,10:07,22,N,
8/18/21,,rehab,312,R,11.3,10:00,33,N,
8/18/21,,rehab,313,R,9.2,9:59,26,Y,
8/18/21,,rehab,314,R,10.8,10:27,20,N,
8/18/21,,rehab,315,R,9.5,9:11,19,N,
8/18/21,,rehab,316,R,10.3,9:50,29,N,
8/18/21,,rehab,317,R,10.9,9:39,28,N,
8/18/21,,rehab,318,R,8,9:56,24,N,
8/18/21,,rehab,319,R,10.7,10:34,19,N,
8/18/21,,rehab,320,R,10.6,10:30,25,N,
8/18/21,,rehab,321,R,9.8,9:46,24,N,
8/22/21,10:23,exp,322,R,11.7,13:00,34,N,
8/22/21,11:00,exp,323,R,11.7,13:04,35,N,
8/22/21,10:00,exp,324,R,12,13:08,44,Y,
8/22/21,,exp,325,R,13.7,13:12,32,N,
8/22/21,10:11,exp,326,R,11.7,13:18,33,N,
8/22/21,10:53,exp,327,R,10.6,13:24,32,N,
8/22/21,11:50,exp,328,R,12.7,13:27,38,N,
8/22/21,11:15,exp,329,R,12,13:33,39,N,
8/22/21,11:55,exp,330,R,12.2,13:36,40,Y,
8/22/21,11:30,exp,331,R,12,13:41,40,N,
8/22/21,10:36,exp,332,R,12.4,13:48,43,N,
8/22/21,11:54,exp,333,R,10,13:51,36,N,
8/22/21,13:25,exp,334,R,13.8,13:56,45,N,
8/22/21,13:14,exp,335,R,13.2,13:58,37,N,
8/22/21,11:14,exp,336,R,13.7,14:05,31,N,
8/22/21,,exp,337,R,11,14:08,35,N,
8/22/21,,exp,338,R,10.4,14:10,46,N,
8/22/21,10:42,exp,339,R,10.4,14:15,40,N,
8/22/21,12:30,exp,340,R,10.7,14:20,46,N,
8/22/21,11:20,exp,341,R,14.1,14:22,33,N,
8/26/21,,exp,322,R,10.9,10:25,33,N,
8/26/21,,exp,323,R,10.9,10:07,23,N,
8/26/21,,exp,324,R,11.4,10:10,41,N,
8/26/21,,exp,325,R,12.9,10:13,28,N,
8/26/21,,exp,326,R,10.6,9:48,34,N,
8/26/21,,exp,327,R,10.2,9:50,31,N,
8/26/21,,exp,328,R,11.1,9:52,29,N,
8/26/21,,exp,329,R,10.7,10:19,32,N,
8/26/21,,exp,330,R,11.2,10:30,28,N,
8/26/21,,exp,331,R,11.6,9:54,32,Y,
8/26/21,,exp,332,R,11.7,9:59,32,N,
8/26/21,,exp,333,R,9.2,9:56,30,N,
8/26/21,,exp,334,R,12.3,10:05,29,N,
8/26/21,,exp,335,R,11.7,10:31,27,N,
8/26/21,,exp,336,R,13.5,10:02,28,N,
8/26/21,,exp,337,R,10.7,10:22,30,N,
8/26/21,,exp,338,R,9.9,10:16,29,Y,
8/26/21,,exp,339,R,9.8,10:03,25,N,
8/26/21,,exp,340,R,9.6,10:23,30,N,
8/26/21,,exp,341,R,13.7,10:27,29,N,
8/27/21,,exp,322,,10.6,8:38,,,
8/27/21,,exp,323,,10.8,8:29,,,
8/27/21,,exp,324,,11.3,8:34,,,
8/27/21,,exp,325,,12.8,8:32,,,
8/27/21,,exp,326,,10.3,8:17,,,
8/27/21,,exp,327,,10.1,8:53,,,
8/27/21,,exp,328,,10.8,8:52,,,
8/27/21,,exp,329,,10.4,8:22,,,
8/27/21,,exp,330,,11.1,8:35,,,
8/27/21,,exp,331,,11.5,8:21,,,
8/27/21,,exp,332,,11.6,8:22,,,
8/27/21,,exp,333,,9,8:24,,,
8/27/21,,exp,334,,12,8:33,,,
8/27/21,,exp,335,,11.5,8:50,,,
8/27/21,,exp,336,,13.2,8:55,,,
8/27/21,,exp,337,,10.6,8:49,,,
8/27/21,,exp,338,,9.8,8:36,,,
8/27/21,,exp,339,,9.6,8:18,,,
8/27/21,,exp,340,,8.9,8:48,,,shedding
8/27/21,,exp,341,,13.4,8:20,,,
8/28/21,,exp,322,,10.6,13:45,,,
8/28/21,,exp,323,,10.6,13:36,,,
8/28/21,,exp,324,,11.2,13:35,,,
8/28/21,,exp,325,,12.6,13:34,,,
8/28/21,,exp,326,,10.2,13:24,,,
8/28/21,,exp,327,,10.1,13:41,,,
8/28/21,,exp,328,,10.6,13:40,,,
8/28/21,,exp,329,,10,13:18,,,
8/28/21,,exp,330,,10.9,13:30,,,
8/28/21,,exp,331,,11.4,13:21,,,
8/28/21,,exp,332,,11.5,13:22,,,
8/28/21,,exp,333,,8.7,13:19,,,
8/28/21,,exp,334,,11.7,13:32,,,
8/28/21,,exp,335,,11.2,13:31,,,
8/28/21,,exp,336,,13.2,13:44,,,
8/28/21,,exp,337,,10.6,13:39,,,
8/28/21,,exp,338,,9.7,13:33,,,
8/28/21,,exp,339,,9.3,13:25,,,
8/28/21,,exp,340,,8.8,13:43,,,
8/28/21,,exp,341,,13.4,13:25,,,
8/29/21,,exp,322,,10.5,10:27,,,
8/29/21,,exp,323,,10.3,10:19,,,
8/29/21,,exp,324,,11,10:19,,,
8/29/21,,exp,325,,12.4,10:29,,,
8/29/21,,exp,326,,9.9,10:31,,,
8/29/21,,exp,327,,9.7,10:20,,,
8/29/21,,exp,328,,10.3,10:28,,,
8/29/21,,exp,329,,9.7,10:32,,,
8/29/21,,exp,330,,10.7,10:29,,,
8/29/21,,exp,331,,10.7,10:23,,,
8/29/21,,exp,332,,10.8,10:22,,,
8/29/21,,exp,333,,8.5,10:30,,,
8/29/21,,exp,334,,11.5,10:30,,,
8/29/21,,exp,335,,10.8,10:19,,,
8/29/21,,exp,336,,12.8,10:21,,,
8/29/21,,exp,337,,10.1,10:21,,,
8/29/21,,exp,338,,9.1,10:23,,,
8/29/21,,exp,339,,8.9,10:33,,,
8/29/21,,exp,340,,8.6,10:28,,,
8/29/21,,exp,341,,12.8,10:22,,,
8/30/21,,exp,322,R,10.4,10:13,18,N,died after msmts
8/30/21,,exp,323,R,10.5,9:57,28,N,
8/30/21,,exp,324,R,11.1,9:43,36,N,
8/30/21,,exp,325,R,12.5,9:37,28,N,
8/30/21,,exp,326,R,10,9:54,19,N,
8/30/21,,exp,327,R,9.8,9:30,30,N,
8/30/21,,exp,328,R,10.3,9:46,26,N,
8/30/21,,exp,329,R,9.8,9:34,19,N,
8/30/21,,exp,330,R,10.6,10:18,30,N,
8/30/21,,exp,331,R,11.4,10:03,28,N,
8/30/21,,exp,332,R,11.3,10:22,26,N,
8/30/21,,exp,333,R,8.6,10:00,27,N,died after msmts
8/30/21,,exp,334,R,11.5,9:26,26,N,
8/30/21,,exp,335,R,10.3,10:10,30,N,shed
8/30/21,,exp,336,R,13.1,9:22,26,N,
8/30/21,,exp,337,R,10.6,9:40,25,N,
8/30/21,,exp,338,R,9.7,10:15,24,N,
8/30/21,,exp,339,R,9.1,10:24,20,N,
8/30/21,,exp,340,R,8.5,9:49,23,N,
8/30/21,,exp,341,R,13.3,9:52,23,N,
9/1/21,,rehab,323,R,10.8,10:17,18,N,
9/1/21,,rehab,324,R,12,11:02,33,N,
9/1/21,,rehab,325,R,13.2,11:08,24,N,
9/1/21,,rehab,326,R,10,10:58,20,N,
9/1/21,,rehab,327,R,11.1,10:55,25,N,
9/1/21,,rehab,328,R,10.7,10:20,23,N,
9/1/21,,rehab,329,R,10.3,10:51,20,N,shed a little
9/1/21,,rehab,330,R,11.1,10:35,25,N,
9/1/21,,rehab,331,R,10.9,10:38,29,N,
9/1/21,,rehab,332,R,12.5,10:29,22,N,
9/1/21,,rehab,334,R,11.6,10:48,20,N,
9/1/21,,rehab,335,R,12,10:23,15,N,
9/1/21,,rehab,336,R,14.1,10:42,,N,
9/1/21,,rehab,337,R,10.1,11:05,27,N,
9/1/21,,rehab,338,R,10.3,10:14,16,N,
9/1/21,,rehab,339,R,10.3,10:32,25,N,
9/1/21,,rehab,340,R,9.6,10:45,16,N,
9/1/21,,rehab,341,R,13,10:27,26,N,